<?xml version="1.0" encoding="UTF-8"?>
<!DOCTYPE mapper PUBLIC "-//mybatis.org//DTD Mapper 3.0//EN" "https://mybatis.org/dtd/mybatis-3-mapper.dtd">

<mapper namespace="board">
<!-- 	<sql id="search">
		SELECT * FROM BOARD 
		<where>
			<if test="search == 1">
				mem_nick =#{keyword}
			</if>
			<if test="search == 2">
				board_sj LIKE CONCAT(CONCAT('%', #{keyword}), '%')
			</if>
			<if test="search == 3">
				board_cn LIKE CONCAT(CONCAT('%', #{keyword}), '%')
			</if>
		</where>
		ORDER BY board_no
	</sql> -->
	
	<select id="total" resultType="Integer">
		SELECT COUNT(*) FROM <!-- (<include refid="search"></include>)  -->
		TBL_BOARD ORDER BY BOARD_NO
	</select>

	<select id="selectboardlist" resultType="BoardVO">
		SELECT * FROM
			<!-- (SELECT sub.*, ROWNUM rnum FROM
 				(<include refid="search"></include>) sub)				
 		<if test="perPage != 0">
 		<![CDATA[ 
		WHERE rnum > ((#{page} -1) * #{perPage}) AND rnum <= (#{page} * #{perPage})
		]]>
		</if> -->
				TBL_BOARD 
				WHERE BOARD_USE='y'
				ORDER BY BOARD_NO		
	</select>

	<select id="selectboard" resultType="BoardVO">
		SELECT * FROM TBL_BOARD
		WHERE BOARD_NO = #{boardNo} AND BOARD_USE='y'
	</select>
	
	<insert id="insertboard">
	INSERT INTO TBL_BOARD
	(MEM_NICK, BOARD_SJ, BOARD_CN, BOARD_DATE)
	VALUES (#{memNick}, #{boardSj}, #{boardCn},  now())
	</insert>
	
	<update id="updateboard">
	UPDATE TBL_BOARD SET 
	BOARD_SJ=#{boardSj}, BOARD_CN=#{boardCn}
	WHERE BOARD_NO=#{boardNo}
	</update>
	
	<update id="deleteboard">
	UPDATE TBL_BOARD SET
	BOARD_USE='n'
	WHERE BOARD_NO=#{boardNo}
	</update>
	
</mapper>