<?xml version="1.0" encoding="UTF-8"?>
<!DOCTYPE mapper PUBLIC "-//mybatis.org//DTD Mapper 3.0//EN" "https://mybatis.org/dtd/mybatis-3-mapper.dtd">

<mapper namespace="meet">
<!-- 	<sql id="search">
		SELECT * FROM BOARD 
		<where>
			<if test="search == 1">
				mem_nick =#{keyword}
			</if>
			<if test="search == 2">
				board_sj LIKE CONCAT(CONCAT('%', #{keyword}), '%')
			</if>
			<if test="search == 3">
				board_cn LIKE CONCAT(CONCAT('%', #{keyword}), '%')
			</if>
		</where>
		ORDER BY board_no
	</sql> -->
	
	<select id="total" resultType="Integer">
		SELECT COUNT(*) FROM <!-- (<include refid="search"></include>)  -->
		TBL_MEET ORDER BY MEET_NO
	</select>
	
	<select id="selectmeetlist" resultType="MeetVO">
		SELECT TBL_MEET.*, COUNT(*) AS MEET_REQ, SUM(CASE WHEN TBL_MTAPPLY.MTAPPLY_YN = 'O' THEN 1 ELSE 0 END) AS MEET_NOW FROM
			<!-- (SELECT sub.*, ROWNUM rnum FROM
 				(<include refid="search"></include>) sub)				
 		<if test="perPage != 0">
 		<![CDATA[ 
		WHERE rnum > ((#{page} -1) * #{perPage}) AND rnum <= (#{page} * #{perPage})
		]]>
		</if> -->
		TBL_MEET
		INNER JOIN TBL_MTAPPLY ON TBL_MEET.MEET_NO = TBL_MTAPPLY.MEET_NO
		GROUP BY TBL_MEET.MEET_NO 
		ORDER BY TBL_MEET.MEET_NO DESC;
	</select>

	<select id="selectmeet" resultType="MeetVO">
		SELECT *, 
		(SELECT COUNT(*) FROM TBL_MTAPPLY WHERE MEET_NO = #{meetNo}
		AND MTAPPLY_YN = 'O') MEET_NOW
		FROM TBL_MEET
		WHERE MEET_NO = #{meetNo}
	</select>
	
	<insert id="insertmeet">
	INSERT INTO TBL_MEET
	(MEET_SJ, MEM_NICK, MEET_TIME, MEET_AREA, MEET_MENU, MEET_FM, MEET_AGE, MEET_MAX, MEET_CN, MEET_MAPX, MEET_MAPY)
	VALUES (#{meetSj}, #{memNick}, now(), #{meetArea}, #{meetMenu}, #{meetFm}, #{meetAge}, #{meetMax}, #{meetCn}, #{meetMapx}, #{meetMapy})
	</insert>
	
	<update id="updatemeet">
	UPDATE TBL_MEET SET 
	MEET_SJ=#{meetSj}, MEET_CN=#{meetCn}, MEET_AREA=#{meetArea}, MEET_MENU=#{meetMenu}, MEET_FM=#{meetFm}, MEET_AGE=#{meetAge}, MEET_MAX=#{meetMax})
	WHERE MEET_NO=#{meetNo}
	</update>
	
	<update id="deletemeet">
	UPDATE TBL_MEET SET
	MEET_STTS='n'
	WHERE MEET_NO=#{meetNo}
	</update>
	
	<insert id="insertmeetjang">
	INSERT INTO TBL_MTAPPLY
	(MEET_NO, MEM_NICK, MTAPPLY_YN)
	VALUES (#{meetNo}, #{memNick}, 'O')
	</insert>
	
	<select id="selectlastinsertedmeetno" resultType="int">
		SELECT LAST_INSERT_ID()
	</select>
	
</mapper>