<?xml version="1.0" encoding="UTF-8"?>
<!DOCTYPE mapper PUBLIC "-//mybatis.org//DTD Mapper 3.0//EN" "https://mybatis.org/dtd/mybatis-3-mapper.dtd">

<mapper namespace="mtapply">

	<select id="total" resultType="Integer">
		SELECT COUNT(*) FROM <!-- (<include refid="search"></include>)  -->
		TBL_MTAPPLY ORDER BY MTAPPLY_NO 
	</select>
	
	<select id="selectmtapplylist" resultType="MtapplyVO">
		SELECT * FROM
				TBL_MTAPPLY 
				ORDER BY MTAPPLY_NO DESC		
	</select>
	
	<select id="selectmtapply" resultType="MtapplyVO">
		SELECT * FROM TBL_MTAPPLY
		WHERE MTAPPLY_NO = #{mtapplyNo}
	</select>
	
	<insert id="insertmtapply">
	INSERT INTO TBL_MTAPPLY
	(MEET_NO, MEM_NICK, MTAPPLY_YN)
	VALUES (#{meetNo}, #{memNick}, 'W')
	</insert>
	
	<update id="agreemtapply">
	UPDATE TBL_MTAPPLY SET 
	MTAPPLY_YN='O'
	WHERE MTAPPLY_NO=#{mtapplyNo}
	</update>
	
	<update id="deniedmtapply">
	UPDATE TBL_MTAPPLY SET
	MTAPPLY_YN='X'
	WHERE MTAPPLY_NO=#{mtapplyNo}
	</update>
	
	<update id="waitmtapply">
	UPDATE TBL_MTAPPLY SET
	MTAPPLY_YN='W'
	WHERE MTAPPLY_NO=#{mtapplyNo}
	</update>
	
	<select id="selectmeetapplylist" resultType="MtapplyVO">
	SELECT * FROM
	TBL_MTAPPLY 
	WHERE MEET_NO=#{meetNo}
	ORDER BY MTAPPLY_NO;
	</select>
</mapper>
	